command,mean,stddev,median,user,system,min,max,parameter_runs
mpirun -np 1 ./cism ../../example-files/Wahlen.csv ../../example-files/Seminare.csv 100,0.11156843770000004,0.007160928810678063,0.11054073810000001,0.022162253333333336,0.03396034,0.09811316560000001,0.12345413960000001,100
mpirun -np 1 ./cism ../../example-files/Wahlen.csv ../../example-files/Seminare.csv 1000,0.11946988783076926,0.006748751795543483,0.11500502010000002,0.025533312307692305,0.03359477846153847,0.11122554860000002,0.1293819166,1000
mpirun -np 1 ./cism ../../example-files/Wahlen.csv ../../example-files/Seminare.csv 10000,0.14966392181052635,0.004726842084240463,0.1485455746,0.05512796210526315,0.03410471368421053,0.14277450760000002,0.1562814486,10000
mpirun -np 1 ./cism ../../example-files/Wahlen.csv ../../example-files/Seminare.csv 100000,0.44534530920000004,0.01405994231751334,0.44056146360000004,0.35659151999999994,0.03327494000000001,0.43730015460000005,0.48456194560000004,100000
mpirun -np 1 ./cism ../../example-files/Wahlen.csv ../../example-files/Seminare.csv 1000000,3.3805203394000003,0.03896430572831453,3.3660769861000004,3.2677590199999997,0.049768839999999995,3.3364359626,3.4535155066,1000000
mpirun -np 1 ./cism ../../example-files/Wahlen.csv ../../example-files/Seminare.csv 10000000,32.9519599996,0.35444072526661735,32.8564086331,32.72748232,0.09788024000000001,32.5361591956,33.5807656856,10000000
