command,mean,stddev,median,user,system,min,max,parameter_runs
mpirun -np 1 ./cism ../../example-files/Wahlen.csv ../../example-files/Seminare.csv 100,0.13580738248999996,0.021420994685335287,0.12421622454,0.05034496999999999,0.04208863,0.11538966904000002,0.18330018604,100
mpirun -np 1 ./cism ../../example-files/Wahlen.csv ../../example-files/Seminare.csv 1000,0.16074857785818183,0.016885344978472747,0.15331959804,0.06633791999999998,0.051250870909090904,0.13017507504,0.19334574304,1000
mpirun -np 1 ./cism ../../example-files/Wahlen.csv ../../example-files/Seminare.csv 10000,0.22370029525428567,0.021712237217803878,0.22189603704,0.12767449142857143,0.05181763714285714,0.19478859104000001,0.26317293804,10000
mpirun -np 1 ./cism ../../example-files/Wahlen.csv ../../example-files/Seminare.csv 100000,0.7743349577400002,0.015207838405091982,0.77091975854,0.6901796200000001,0.04051288,0.76086678104,0.8115166870400001,100000
mpirun -np 1 ./cism ../../example-files/Wahlen.csv ../../example-files/Seminare.csv 1000000,6.572277036640001,0.029476312645022595,6.56549507704,6.478693519999998,0.039913779999999996,6.53724256204,6.63577311704,1000000
