command,mean,stddev,median,user,system,min,max,parameter_runs
mpirun -np 1 ./cism ../../example-files/Wahlen.csv ../../example-files/Seminare.csv 100,0.11773809998923078,0.00628670485153728,0.11431381622,0.023011861538461534,0.03416575384615385,0.11068071222,0.12610818222000003,100
mpirun -np 1 ./cism ../../example-files/Wahlen.csv ../../example-files/Seminare.csv 1000,0.12032870962000003,0.005815426467507439,0.11666411922,0.026647039999999997,0.03339934,0.11286703522000001,0.12834779822000003,1000
mpirun -np 1 ./cism ../../example-files/Wahlen.csv ../../example-files/Seminare.csv 10000,0.14716381892000002,0.0020209012628705256,0.14732798672000003,0.056407299999999994,0.03339855,0.14377137722000002,0.15154863122,10000
mpirun -np 1 ./cism ../../example-files/Wahlen.csv ../../example-files/Seminare.csv 100000,0.44328807932,0.004042882235869445,0.44287313922000004,0.35302959999999994,0.034845600000000004,0.43846904422000005,0.44902812122,100000
mpirun -np 1 ./cism ../../example-files/Wahlen.csv ../../example-files/Seminare.csv 1000000,3.4596030937199993,0.17793177794376802,3.39387859972,3.3615021999999994,0.037255800000000006,3.37457745122,3.95747922822,1000000
mpirun -np 1 ./cism ../../example-files/Wahlen.csv ../../example-files/Seminare.csv 10000000,33.30917093052,0.6520507443616336,33.196353667219995,33.1179059,0.0789543,32.657566413219996,34.98561432722,10000000
