command,mean,stddev,median,user,system,min,max,parameter_runs
./cism ../../example-files/Wahlen.csv ../../example-files/Seminare.csv 100,0.12692941461,0.008277385650626624,0.12525240626,0.02308214,0.015853769999999996,0.11423351826000001,0.14317272126,100
./cism ../../example-files/Wahlen.csv ../../example-files/Seminare.csv 1000,0.14059713047052627,0.006578051330908793,0.14022179526,0.02815022421052631,0.019504735789473683,0.12690677926,0.15388655126,1000
./cism ../../example-files/Wahlen.csv ../../example-files/Seminare.csv 10000,0.19252074826000004,0.007123162879288666,0.19059094326,0.08917433999999999,0.018329286666666663,0.18397432226,0.21005401126,10000
./cism ../../example-files/Wahlen.csv ../../example-files/Seminare.csv 100000,0.7932232262600001,0.013966814348991172,0.7886518287600001,0.6858000399999999,0.021742419999999995,0.77344798126,0.81351333926,100000
./cism ../../example-files/Wahlen.csv ../../example-files/Seminare.csv 1000000,7.301271734059999,0.1928211656358874,7.26040240326,7.166386240000001,0.020484319999999997,6.91039970426,7.54350737626,1000000
