command,mean,stddev,median,user,system,min,max,parameter_num_threads
mpirun -np 1 --use-hwthread-cpus ./cism ../../example-files/Wahlen.csv ../../example-files/Seminare.csv 1000000,6.5710429666399985,0.06327052419725973,6.54736528574,6.464686780000001,0.04359886,6.511893511739999,6.71521550474,1
mpirun -np 2 --use-hwthread-cpus ./cism ../../example-files/Wahlen.csv ../../example-files/Seminare.csv 1000000,10.236610771040002,0.07236983013063902,10.22013264624,20.19966078,0.08933466,10.13957312374,10.36390344474,2
mpirun -np 3 --use-hwthread-cpus ./cism ../../example-files/Wahlen.csv ../../example-files/Seminare.csv 1000000,6.938684959040001,0.21578580350529297,6.87330224924,20.287084979999996,0.21192916000000003,6.81961073974,7.54431129574,3
mpirun -np 4 --use-hwthread-cpus ./cism ../../example-files/Wahlen.csv ../../example-files/Seminare.csv 1000000,7.04689007664,0.1334720772684436,7.02357464474,27.390944580000003,0.27918216,6.89088557574,7.32383977374,4
mpirun -np 5 --use-hwthread-cpus ./cism ../../example-files/Wahlen.csv ../../example-files/Seminare.csv 1000000,10.452996197740001,0.21694039613772942,10.423631997240001,46.148640779999994,5.363727760000001,10.19614603574,10.90517354074,5
mpirun -np 6 --use-hwthread-cpus ./cism ../../example-files/Wahlen.csv ../../example-files/Seminare.csv 1000000,10.493429929540001,0.15869464513624326,10.42792178724,58.125816179999994,3.8340043600000007,10.34683941574,10.80484558374,6
mpirun -np 7 --use-hwthread-cpus ./cism ../../example-files/Wahlen.csv ../../example-files/Seminare.csv 1000000,10.599179838640001,0.25038303810768,10.52707429474,70.47408198000001,2.43096436,10.38098883274,11.13717735974,7
mpirun -np 8 --use-hwthread-cpus ./cism ../../example-files/Wahlen.csv ../../example-files/Seminare.csv 1000000,10.796270383140001,0.14619915248431517,10.78146271774,82.63693227999998,1.24971546,10.63707410674,11.15805881174,8
