command,mean,stddev,median,user,system,min,max,parameter_num_threads
mpirun -np 1 ./cism ../../example-files/Wahlen.csv ../../example-files/Seminare.csv 100000,0.8084281727,0.024058763504440736,0.8062037916,0.7138926600000001,0.03973905999999999,0.7764708256,0.8621829056000001,1
mpirun -np 2 ./cism ../../example-files/Wahlen.csv ../../example-files/Seminare.csv 100000,0.8385354619000001,0.037259854637294164,0.8223273926000001,1.4481275599999999,0.06881336,0.7971187436,0.8906687786,2
mpirun -np 3 ./cism ../../example-files/Wahlen.csv ../../example-files/Seminare.csv 100000,0.8585461950000001,0.04572352396474604,0.8373242876,2.20538746,0.08565095999999998,0.8000731326,0.9462245026,3
mpirun -np 4 ./cism ../../example-files/Wahlen.csv ../../example-files/Seminare.csv 100000,0.8942865311,0.07269859475981857,0.8608780941,2.9414938600000005,0.16585145999999998,0.8260840536,1.0382662506,4
