command,mean,stddev,median,user,system,min,max,parameter_runs
./app ../../../../../../example-files/Wahlen.csv ../../../../../../example-files/Seminare.csv 100,0.15174419763142863,0.014495318654200425,0.14837402906000002,0.21416572285714286,0.027626469523809528,0.13533619706000002,0.18936629906000002,100
./app ../../../../../../example-files/Wahlen.csv ../../../../../../example-files/Seminare.csv 1000,0.20998967712666666,0.03554368560086192,0.19717085606,0.34150984666666667,0.03650946,0.17559027806000002,0.30561294706,1000
./app ../../../../../../example-files/Wahlen.csv ../../../../../../example-files/Seminare.csv 10000,0.38657166406,0.01576869626422815,0.38970247706,0.7946471799999999,0.05880886,0.36194484906,0.40934531106,10000
./app ../../../../../../example-files/Wahlen.csv ../../../../../../example-files/Seminare.csv 100000,1.44633299406,0.07898749027713235,1.4288922290600001,2.02700508,0.08424345999999999,1.32313587406,1.5682401430600001,100000
./app ../../../../../../example-files/Wahlen.csv ../../../../../../example-files/Seminare.csv 1000000,11.080641597360001,0.0889241015766767,11.069774550559998,11.81337938,0.10825205999999998,10.91481066706,11.22823190206,1000000
