command,mean,stddev,median,user,system,min,max,parameter_runs
./app ../../../../../../example-files/Wahlen.csv ../../../../../../example-files/Seminare.csv 100,0.073183890345,0.0028979758640494393,0.07263663972,0.110945615,0.021705875000000003,0.07046871122000001,0.08604042722000001,100
./app ../../../../../../example-files/Wahlen.csv ../../../../../../example-files/Seminare.csv 1000,0.09144977099419357,0.0034682033441670607,0.09247079922000001,0.18218897548387097,0.02787811935483871,0.08207093522,0.09429660522000001,1000
./app ../../../../../../example-files/Wahlen.csv ../../../../../../example-files/Seminare.csv 10000,0.15275551902000004,0.008734393652298706,0.14975498222,0.3866482399999999,0.05466059999999999,0.14210125322,0.17599985422,10000
./app ../../../../../../example-files/Wahlen.csv ../../../../../../example-files/Seminare.csv 100000,0.5889916240199999,0.009985833221947803,0.58842931872,0.8101799399999999,0.0591101,0.5740548652199999,0.60508519722,100000
./app ../../../../../../example-files/Wahlen.csv ../../../../../../example-files/Seminare.csv 1000000,4.8675044415199995,0.07579982962335366,4.886516653219999,5.17305064,0.0796076,4.76287491422,5.01072905622,1000000
./app ../../../../../../example-files/Wahlen.csv ../../../../../../example-files/Seminare.csv 10000000,47.309012637120006,0.7421430788778044,47.24184284572,47.64176264,0.13416919999999996,45.95832460422,48.46916709222,10000000
