command,mean,stddev,median,user,system,min,max,parameter_runs
./app ../../../../../../example-files/Wahlen.csv ../../../../../../example-files/Seminare.csv 100,0.07296599499,0.0013659012676925564,0.07265225564,0.11152738000000002,0.02203472,0.07111909414,0.07875855814,100
./app ../../../../../../example-files/Wahlen.csv ../../../../../../example-files/Seminare.csv 1000,0.09239642771142856,0.004227550761959489,0.09371482714000001,0.1853017371428571,0.028320105714285716,0.08221879714000001,0.09702121614,1000
./app ../../../../../../example-files/Wahlen.csv ../../../../../../example-files/Seminare.csv 10000,0.15114398982421054,0.0058836915381762275,0.14984909214,0.37953913263157885,0.04932394631578947,0.14324459314000001,0.16565648614,10000
./app ../../../../../../example-files/Wahlen.csv ../../../../../../example-files/Seminare.csv 100000,0.5975129386400001,0.008481542693733201,0.59536800264,0.83452158,0.06465572,0.59011711014,0.61843051614,100000
./app ../../../../../../example-files/Wahlen.csv ../../../../../../example-files/Seminare.csv 1000000,4.864078564240001,0.059710038482667156,4.83806027814,5.15190138,0.07305562,4.77931398314,4.95990873614,1000000
