command,mean,stddev,median,user,system,min,max,parameter_runs
./app ../../../../../../example-files/Wahlen.csv ../../../../../../example-files/Seminare.csv 100,0.13907463321000005,0.010599158032971104,0.13862274626000004,0.21663413,0.021844269999999995,0.11726032176000001,0.16015068076000002,100
./app ../../../../../../example-files/Wahlen.csv ../../../../../../example-files/Seminare.csv 1000,0.1642581002894118,0.008284061832714141,0.16370332476000002,0.37494472705882353,0.027023955294117646,0.15057093776000002,0.18458885176000003,1000
./app ../../../../../../example-files/Wahlen.csv ../../../../../../example-files/Seminare.csv 10000,0.29355900316000005,0.013903207187923186,0.29349552776,0.7392466799999999,0.03874712,0.27891419076,0.32602545276,10000
./app ../../../../../../example-files/Wahlen.csv ../../../../../../example-files/Seminare.csv 100000,1.1918563371600002,0.02235937585238164,1.1955042972600003,1.6449272799999999,0.08704821999999998,1.1523612087600001,1.23689813376,100000
./app ../../../../../../example-files/Wahlen.csv ../../../../../../example-files/Seminare.csv 1000000,9.886563484860002,0.2840172861841649,9.86706353176,10.407770879999998,0.11271402,9.56734266176,10.38305157376,1000000
