command,mean,stddev,median,user,system,min,max,parameter_runs
./app ../../../../../../example-files/Wahlen.csv ../../../../../../example-files/Seminare.csv 100,0.12633982158909093,0.007585357535955973,0.12753945918,0.19789259636363632,0.021907436363636366,0.11577871068000001,0.14089023368,100
./app ../../../../../../example-files/Wahlen.csv ../../../../../../example-files/Seminare.csv 1000,0.16907020515058824,0.01837454899713249,0.16583636468000001,0.3726335188235294,0.03326218235294117,0.14160026968,0.22101779068000002,1000
./app ../../../../../../example-files/Wahlen.csv ../../../../../../example-files/Seminare.csv 10000,0.28894936848,0.015009948589663414,0.29005261468,0.72118466,0.0446275,0.26519521268,0.32287086868000003,10000
./app ../../../../../../example-files/Wahlen.csv ../../../../../../example-files/Seminare.csv 100000,1.13583905988,0.02252609708179596,1.13582454818,1.5328250599999997,0.07967499999999998,1.10443429168,1.17932358768,100000
./app ../../../../../../example-files/Wahlen.csv ../../../../../../example-files/Seminare.csv 1000000,9.45064879528,0.09906171982765523,9.42889398618,9.880273059999999,0.1120071,9.33625556368,9.60542919768,1000000
