command,mean,stddev,median,user,system,min,max,parameter_runs
./main.py ../example-files/Wahlen.csv ../example-files/Seminare.csv 100,0.07017596188761906,0.0010083060910484052,0.06997754684,0.059941847619047625,0.009800171428571426,0.06885690584,0.07539801984,100
./main.py ../example-files/Wahlen.csv ../example-files/Seminare.csv 1000,0.13010866788545455,0.001668268288480447,0.12992001634,0.1196428,0.009877281818181816,0.12756260984,0.13467560284000002,1000
./main.py ../example-files/Wahlen.csv ../example-files/Seminare.csv 10000,0.7167720630400001,0.012094262750016528,0.7146121598400001,0.7032887999999999,0.0116789,0.7026784078400001,0.7401240788400001,10000
./main.py ../example-files/Wahlen.csv ../example-files/Seminare.csv 100000,6.451198032240001,0.05926475521574692,6.45380281084,6.4232776000000005,0.012383300000000002,6.35679801184,6.57120522284,100000
./main.py ../example-files/Wahlen.csv ../example-files/Seminare.csv 1000000,63.94257610203999,0.6499584380458595,64.09245001484001,63.7639004,0.0316197,63.101379683839994,64.97793338884,1000000
./main.py ../example-files/Wahlen.csv ../example-files/Seminare.csv 10000000,0,0,0,0,0,0,0,1000000
