command,mean,stddev,median,user,system,min,max,parameter_runs
./target/release/rism --students-path ../example-files/Wahlen.csv --seminars-path ../example-files/Seminare.csv --iterations 100,0.0007057918485412258,0.00013833855325440808,0.0006352721200000003,0.0003567249894291754,0.0005852966596194508,0.0005617521200000002,0.0016469851200000005,100
./target/release/rism --students-path ../example-files/Wahlen.csv --seminars-path ../example-files/Seminare.csv --iterations 1000,0.002767638884705882,0.00013475357886022114,0.00271341312,0.0022855790686274503,0.0005387004656862746,0.0025939891200000005,0.0032911841200000008,1000
./target/release/rism --students-path ../example-files/Wahlen.csv --seminars-path ../example-files/Seminare.csv --iterations 10000,0.02308409674399999,0.00031847116164144705,0.02305307412,0.02242837999999999,0.0006135686399999998,0.02226447012,0.02511749112,10000
./target/release/rism --students-path ../example-files/Wahlen.csv --seminars-path ../example-files/Seminare.csv --iterations 100000,0.2250278481969231,0.002935630997248048,0.22587412112000002,0.22343129692307692,0.0010825123076923077,0.22000680912,0.22923710912,100000
./target/release/rism --students-path ../example-files/Wahlen.csv --seminars-path ../example-files/Seminare.csv --iterations 1000000,2.2636284050199995,0.030385323884965214,2.2647037166199997,2.25159202,0.0029887199999999994,2.22021786912,2.30500050212,1000000
./target/release/rism --students-path ../example-files/Wahlen.csv --seminars-path ../example-files/Seminare.csv --iterations 10000000,22.592632811120005,0.21860898906627774,22.63368597412,22.506208019999995,0.023257720000000003,22.13146052712,22.85779231112,10000000
