command,mean,stddev,median,user,system,min,max,parameter_runs
node --max_old_space_size=4096 ./bin/run run ../../example-files/Wahlen.csv ../../example-files/Seminare.csv 100,0.14179003736761903,0.0012363978424685717,0.14189472332,0.15442108095238097,0.043135393333333334,0.13901398732,0.14347985632,100
node --max_old_space_size=4096 ./bin/run run ../../example-files/Wahlen.csv ../../example-files/Seminare.csv 1000,0.14609197412,0.0015788794359187497,0.14592958132,0.16470615,0.04675666,0.14226519832,0.14920445331999999,1000
