command,mean,stddev,median,user,system,min,max,parameter_runs
./bin/run run ../example-files/Wahlen.csv ../example-files/Seminare.csv 100,0.23479108665333337,0.01675807004104378,0.22880901482000002,0.27964614666666665,0.03177824,0.21794848382,0.27640855482000004,100
./bin/run run ../example-files/Wahlen.csv ../example-files/Seminare.csv 1000,0.37378100532,0.016077500018312547,0.3693335308200001,0.41325048000000003,0.05056773999999999,0.35812420882000007,0.41171263682000003,1000
./bin/run run ../example-files/Wahlen.csv ../example-files/Seminare.csv 10000,1.59885768502,0.03277713394223995,1.59470551382,1.6885844799999998,0.17964974000000003,1.56120052182,1.6610467418200001,10000
./bin/run run ../example-files/Wahlen.csv ../example-files/Seminare.csv 100000,14.864192557019999,0.6523793778509168,14.602538405819999,15.482440579999999,1.23942014,14.28314354082,16.41565105582,100000
./bin/run run ../example-files/Wahlen.csv ../example-files/Seminare.csv 1000000,173.84828398902,9.952969283649287,178.18870029782002,190.43240508,18.14383984,158.40594820782002,181.99019182082,1000000
