command,mean,stddev,median,user,system,min,max,parameter_runs
./bin/run run ../../example-files/Wahlen.csv ../../example-files/Seminare.csv 100,0.20066564850000002,0.003476397176205875,0.200772497,0.2191657314285715,0.03042216571428571,0.1944530905,0.20844564750000003,100
./bin/run run ../../example-files/Wahlen.csv ../../example-files/Seminare.csv 1000,0.2980664286,0.004754577970229435,0.2971675345,0.3308884599999999,0.04133198,0.2923958885,0.3067117855,1000
./bin/run run ../../example-files/Wahlen.csv ../../example-files/Seminare.csv 10000,0.9273514574,0.023124964648169953,0.9256121235000001,1.07311866,0.12037667999999999,0.8936566485,0.9670647365000001,10000
./bin/run run ../../example-files/Wahlen.csv ../../example-files/Seminare.csv 100000,7.5903566931,0.5315035095665426,7.3289773415,8.75201736,0.93666708,7.1679824265,8.5842006915,100000
./bin/run run ../../example-files/Wahlen.csv ../../example-files/Seminare.csv 1000000,74.53052588559999,2.7300127208148184,74.0358135345,85.87900056,8.896048480000001,71.2259534565,79.14653049649999,1000000
