command,mean,stddev,median,user,system,min,max,parameter_runs
./bin/run run ../../example-files/Wahlen.csv ../../example-files/Seminare.csv 100,0.19462887070000004,0.005964395832124287,0.1932179031,0.21440087333333332,0.02784384,0.1879915171,0.20873203710000002,100
./bin/run run ../../example-files/Wahlen.csv ../../example-files/Seminare.csv 1000,0.2864216193,0.004628426942399954,0.2860154171,0.32172564000000003,0.037964939999999996,0.2785242141,0.29364065710000004,1000
./bin/run run ../../example-files/Wahlen.csv ../../example-files/Seminare.csv 10000,0.8856388728000001,0.014954814255525835,0.8827210336000001,1.03891334,0.12097304,0.8650968701000001,0.9071546541000001,10000
./bin/run run ../../example-files/Wahlen.csv ../../example-files/Seminare.csv 100000,6.891123821199999,0.09602466709845921,6.8707764826,8.11933164,0.89959324,6.764990539099999,7.071728849099999,100000
./bin/run run ../../example-files/Wahlen.csv ../../example-files/Seminare.csv 1000000,68.4044317185,1.0452553134658495,68.39867062959999,79.79794553999999,8.484991039999999,66.9557612171,70.5430271501,1000000
