command,mean,stddev,median,user,system,min,max,parameter_runs
./bin/run run ../../example-files/Wahlen.csv ../../example-files/Seminare.csv 100,0.09566753684387097,0.0014016022509800925,0.09543011136,0.09681078516129032,0.04068320129032258,0.09352880636,0.09964396836,100
./bin/run run ../../example-files/Wahlen.csv ../../example-files/Seminare.csv 1000,0.09590618358580646,0.001707850346817069,0.09565239836,0.10766143032258065,0.04056797548387096,0.09458705236,0.10442323336,1000
./bin/run run ../../example-files/Wahlen.csv ../../example-files/Seminare.csv 10000,0.1675949051835294,0.0022024085417042634,0.16665086136,0.18075919882352945,0.04027704,0.16561752436000002,0.17280787036,10000
./bin/run run ../../example-files/Wahlen.csv ../../example-files/Seminare.csv 100000,0.8676760424600001,0.009417706415637968,0.8684933808600002,0.8795990400000001,0.04558854,0.8527302553600001,0.8789009633600001,100000
./bin/run run ../../example-files/Wahlen.csv ../../example-files/Seminare.csv 1000000,8.06716169306,0.08781440014747997,8.03164252686,8.049163740000001,0.054001640000000004,7.9629956363600005,8.23156367736,1000000
./bin/run run ../../example-files/Wahlen.csv ../../example-files/Seminare.csv 10000000,81.20719812576,1.4151994680950093,81.19370892436,80.87743134000002,0.10244883999999999,79.21595498635999,84.79222576235999,10000000
