command,mean,stddev,median,user,system,min,max,parameter_runs
./bin/run run ../../example-files/Wahlen.csv ../../example-files/Seminare.csv 100,0.23496837481,0.0038316948382005746,0.23404012106,0.28464390666666667,0.03323805333333333,0.23011930806,0.24371013306,100
./bin/run run ../../example-files/Wahlen.csv ../../example-files/Seminare.csv 1000,0.3442029863600001,0.006336811119682333,0.34474813506,0.39093294000000006,0.04994202,0.33305438106,0.35491260106000005,1000
./bin/run run ../../example-files/Wahlen.csv ../../example-files/Seminare.csv 10000,1.09839076296,0.028081636279723893,1.10175593206,1.2579604400000002,0.13983001999999997,1.04127785406,1.14569118506,10000
./bin/run run ../../example-files/Wahlen.csv ../../example-files/Seminare.csv 100000,8.72698412626,0.16901321928464022,8.682925186559999,9.759030039999999,1.0924389200000002,8.47045259406,9.00494301706,100000
./bin/run run ../../example-files/Wahlen.csv ../../example-files/Seminare.csv 1000000,86.39679324836,1.7571286045792271,86.11347683956001,95.71724123999998,9.75466582,83.98723615106,90.57974882006,1000000
