command,mean,stddev,median,user,system,min,max,parameter_runs
./cism ../example-files/Wahlen.csv ../example-files/Seminare.csv 100,0.14414389732222221,0.03420943032564133,0.13046764560000002,0.028779691111111116,0.017580282222222222,0.11310359210000001,0.23870030110000004,100
./cism ../example-files/Wahlen.csv ../example-files/Seminare.csv 1000,0.1548796905444445,0.025435697694235388,0.14685589060000004,0.03503796888888888,0.018724948888888888,0.12218462310000001,0.21900999310000002,1000
./cism ../example-files/Wahlen.csv ../example-files/Seminare.csv 10000,0.22375928024285713,0.030782702953161115,0.21261771960000003,0.11219422285714287,0.019825060000000002,0.1820873591,0.2933552251,10000
./cism ../example-files/Wahlen.csv ../example-files/Seminare.csv 100000,0.8995607713999998,0.04994157382526129,0.8998142806,0.78222388,0.01949886,0.8255800021,0.9663121511,100000
./cism ../example-files/Wahlen.csv ../example-files/Seminare.csv 1000000,8.5946997655,0.8157611121761484,8.7710154631,8.34990968,0.036733959999999996,7.3426092141,9.728828222099999,1000000
