command,mean,stddev,median,user,system,min,max,parameter_runs
./app ../../../../../example-files/Wahlen.csv ../../../../../example-files/Seminare.csv 100,0.1397152287447619,0.020602845782699202,0.13547061884,0.20181381619047617,0.020819964761904765,0.11558281184000001,0.18925966284,100
./app ../../../../../example-files/Wahlen.csv ../../../../../example-files/Seminare.csv 1000,0.18346572097333333,0.026299299701155507,0.17596619784,0.30757940666666667,0.026629726666666666,0.15388875984,0.26267293784,1000
./app ../../../../../example-files/Wahlen.csv ../../../../../example-files/Seminare.csv 10000,0.39706222814,0.03736037461751298,0.40289723284,0.8481914399999999,0.03295376,0.34772927984,0.46681815584,10000
./app ../../../../../example-files/Wahlen.csv ../../../../../example-files/Seminare.csv 100000,1.40686086894,0.059787594628210004,1.41772119084,2.01288144,0.06475616,1.3090637678400001,1.48036756184,100000
./app ../../../../../example-files/Wahlen.csv ../../../../../example-files/Seminare.csv 1000000,11.03733472144,0.19439242334338044,11.052101207340002,11.82030824,0.07639406,10.80709108684,11.40853425284,1000000
